tss_loc	ensg	name	strand
chr6:4747306-4747306	ENSMUSG00000092035	Peg10	1
chr6:30723547-30723547	ENSMUSG00000051855	Mest	1
chr12:101819055-101819055	ENSMUSG00000021186	Fbln5	-1
chr16:74411292-74411292	ENSMUSG00000052516	Robo2	-1
chr3:96670131-96670131	ENSMUSG00000038354	Ankrd35	1
chr17:14694262-14694262	ENSMUSG00000023885	Thbs2	-1
chr11:48992258-48992258	ENSMUSG00000078922	Tgtp1	-1
chr13:22009741-22009741	ENSMUSG00000006179	Prss16	-1
chr17:46428926-46428926	ENSMUSG00000023968	Crip3	1
chr2:147361925-147361925	ENSMUSG00000037034	Pax1	1
chr13:60936625-60936625	ENSMUSG00000044258	Ctla2a	-1
chr9:111057270-111057270	ENSMUSG00000043953	Ccrl2	-1
chr5:92348882-92348882	ENSMUSG00000034855	Cxcl10	-1
chr3:86997947-86997947	ENSMUSG00000028076	Cd1d1	-1
chr2:60383303-60383303	ENSMUSG00000026980	Ly75	-1
chr6:17281185-17281185	ENSMUSG00000000058	Cav2	1
chr13:56296551-56296551	ENSMUSG00000021508	Cxcl14	-1
chr9:5345430-5345430	ENSMUSG00000025887	Casp12	1
chr2:148408188-148408188	ENSMUSG00000074743	Thbd	-1
chrX:16817366-16817366	ENSMUSG00000040147	Maob	-1
chr7:19310045-19310045	ENSMUSG00000003545	Fosb	-1
chr16:19760208-19760208	ENSMUSG00000022686	B3gnt5	1
chr3:90526849-90526849	ENSMUSG00000042306	S100a14	1
chrX:143827414-143827414	ENSMUSG00000067276	Capn6	-1
chr12:49382693-49382693	ENSMUSG00000020950	Foxg1	1
chr14:55491093-55491093	ENSMUSG00000022211	Lrrc16b	1
chr3:88206813-88206813	ENSMUSG00000097156	Gm3764	1
chr16:45844378-45844378	ENSMUSG00000033149	Phldb2	-1
chr11:100415697-100415697	ENSMUSG00000001555	Fkbp10	1
chr6:29433256-29433256	ENSMUSG00000068699	Flnc	1
chr10:49788766-49788766	ENSMUSG00000056073	Grik2	-1
chr15:84447097-84447097	ENSMUSG00000062760	1810041L15Rik	-1
chr9:104102560-104102560	ENSMUSG00000079355	Ackr4	-1
chr5:90640487-90640487	ENSMUSG00000029370	Rassf6	-1
chr12:104263122-104263122	ENSMUSG00000079014	Serpina3i	1
chr9:45936058-45936058	ENSMUSG00000032085	Tagln	-1
chr12:56691767-56691767	ENSMUSG00000001497	Pax9	1
chr17:79715041-79715041	ENSMUSG00000024087	Cyp1b1	-1
chr15:101054399-101054399	ENSMUSG00000095440	Fignl2	-1
chr6:67535822-67535822	ENSMUSG00000051397	Tacstd2	-1
chr16:5132481-5132481	ENSMUSG00000039457	Ppl	-1
chr1:20890606-20890606	ENSMUSG00000025931	Paqr8	1
chr17:8525372-8525372	ENSMUSG00000023868	Pde10a	1
chr3:10366907-10366907	ENSMUSG00000027536	Chmp4c	1
chr14:20836662-20836662	ENSMUSG00000021822	Plau	1
chr6:49036518-49036518	ENSMUSG00000029816	Gpnmb	1
chr1:150100031-150100031	ENSMUSG00000032487	Ptgs2	1
chr1:191183340-191183340	ENSMUSG00000026628	Atf3	-1
chr9:50494525-50494525	ENSMUSG00000032068	Plet1	1
chr18:20059554-20059554	ENSMUSG00000024331	Dsc2	-1
chr4:11386679-11386679	ENSMUSG00000040728	Esrp1	-1
chr9:123216038-123216038	ENSMUSG00000035498	Cdcp1	-1
chr11:103267472-103267472	ENSMUSG00000020941	Map3k14	-1
chr7:110982461-110982461	ENSMUSG00000005611	Mrvi1	-1
chr8:4325210-4325210	ENSMUSG00000023235	Ccl25	1
chr4:107307169-107307169	ENSMUSG00000034785	Dio1	-1
chr10:23349887-23349887	ENSMUSG00000010461	Eya4	-1
chr11:50602084-50602084	ENSMUSG00000036545	Adamts2	1
chr18:58209926-58209926	ENSMUSG00000024598	Fbn2	-1
chr6:125320659-125320659	ENSMUSG00000030340	Scnn1a	1
chr19:5473973-5473973	ENSMUSG00000024909	Efemp2	1
chr5:120777661-120777661	ENSMUSG00000032661	Oas3	-1
chr1:135919207-135919207	ENSMUSG00000026413	Pkp1	-1
chr9:43310763-43310763	ENSMUSG00000032013	Trim29	1
chr11:100206030-100206030	ENSMUSG00000045545	Krt14	-1
chr15:101712891-101712891	ENSMUSG00000061527	Krt5	-1
chr11:100261029-100261029	ENSMUSG00000035557	Krt17	-1
chr18:20002097-20002097	ENSMUSG00000059898	Dsc3	-1
chr16:25801916-25801916	ENSMUSG00000022510	Trp63	1
chr9:41376397-41376397	ENSMUSG00000074415	2610203C20Rik	1
chrX:52613921-52613921	ENSMUSG00000055653	Gpc3	-1
chr13:51408618-51408618	ENSMUSG00000067586	S1pr3	1
chr17:34092340-34092340	ENSMUSG00000024334	H2-Oa	1
chr11:28853204-28853204	ENSMUSG00000020467	Efemp1	1
chr3:107986453-107986453	ENSMUSG00000040562	Gstm2	-1
chr11:35121224-35121224	ENSMUSG00000056427	Slit3	1
chr17:37483551-37483551	ENSMUSG00000016283	H2-M2	-1
chr10:88356996-88356996	ENSMUSG00000020057	Dram1	-1
chr15:3581842-3581842	ENSMUSG00000055737	Ghr	-1
chr12:111417430-111417430	ENSMUSG00000021280	Exoc3l4	1
chr10:18845071-18845071	ENSMUSG00000019851	Perp	1
chr14:40893266-40893266	ENSMUSG00000037833	Sh2d4b	-1
chr4:130047840-130047840	ENSMUSG00000040690	Col16a1	1
chr14:28504750-28504750	ENSMUSG00000021994	Wnt5a	1
chr1:82291416-82291416	ENSMUSG00000055980	Irs1	-1
chr3:138260991-138260991	ENSMUSG00000074207	Adh1	1
chr1:184883218-184883218	ENSMUSG00000039349	C130074G19Rik	-1
chr16:28445227-28445227	ENSMUSG00000022523	Fgf12	-1
chr14:24004205-24004205	ENSMUSG00000063142	Kcnma1	-1
chr16:44558897-44558897	ENSMUSG00000022687	Boc	-1
chr6:136875805-136875805	ENSMUSG00000030218	Mgp	-1
chr2:84775404-84775404	ENSMUSG00000023224	Serping1	-1
chr6:124512632-124512632	ENSMUSG00000055172	C1ra	1
chr3:19957054-19957054	ENSMUSG00000003617	Cp	1
chr6:124542321-124542321	ENSMUSG00000038521	C1s1	-1
chr11:97685953-97685953	ENSMUSG00000078695	Cisd3	1
chr1:180196020-180196020	ENSMUSG00000026489	Adck3	-1
chr2:57115038-57115038	ENSMUSG00000026826	Nr4a2	-1
chr7:112159057-112159057	ENSMUSG00000030772	Dkk3	-1
chr6:78468571-78468571	ENSMUSG00000030017	Reg3g	-1
chr11:58616075-58616075	ENSMUSG00000037145	2210407C18Rik	-1
chr8:111933791-111933791	ENSMUSG00000031951	Tmem231	-1
chr7:35334170-35334170	ENSMUSG00000030494	Rhpn2	1
chr3:157925077-157925077	ENSMUSG00000028179	Cth	-1
chr2:156775420-156775420	ENSMUSG00000067818	Myl9	1
chr15:101411043-101411043	ENSMUSG00000023039	Krt7	1
chr18:20558074-20558074	ENSMUSG00000044393	Dsg2	1
chr13:38151328-38151328	ENSMUSG00000054889	Dsp	1
chr7:141338880-141338880	ENSMUSG00000025504	Eps8l2	1
chr17:44188572-44188572	ENSMUSG00000023959	Clic5	1
chr15:39006333-39006333	ENSMUSG00000022297	Fzd6	1
chr11:116238077-116238077	ENSMUSG00000034282	Evpl	-1
chr3:49757316-49757316	ENSMUSG00000037892	Pcdh18	-1
chr9:56865104-56865104	ENSMUSG00000032911	Cspg4	1
chr5:21543527-21543527	ENSMUSG00000039883	Lrrc17	1
chr10:97565501-97565501	ENSMUSG00000036446	Lum	1
chr10:38965515-38965515	ENSMUSG00000019846	Lama4	1
chr3:87948666-87948666	ENSMUSG00000004885	Crabp2	1
chr12:112929495-112929495	ENSMUSG00000002799	Jag2	-1
chr4:137277489-137277489	ENSMUSG00000036856	Wnt4	1
chr18:12333819-12333819	ENSMUSG00000024421	Lama3	1
chr3:132950291-132950291	ENSMUSG00000040998	Npnt	-1
chr5:96793385-96793385	ENSMUSG00000029484	Anxa3	1
chr11:76179671-76179671	ENSMUSG00000069808	Fam57a	1
chr13:115101964-115101964	ENSMUSG00000042284	Itga1	-1
chr9:102988712-102988712	ENSMUSG00000032548	Slco2a1	1
chr16:14291408-14291408	ENSMUSG00000018830	Myh11	-1
chr9:16378231-16378231	ENSMUSG00000074505	Fat3	-1
chr1:166254139-166254139	ENSMUSG00000040612	Ildr2	1
chr7:30763756-30763756	ENSMUSG00000060962	Dmkn	1
chr8:106510913-106510913	ENSMUSG00000061048	Cdh3	1
chr11:115974709-115974709	ENSMUSG00000020758	Itgb4	1
chr1:153186047-153186047	ENSMUSG00000026479	Lamc2	-1
chr19:25672420-25672420	ENSMUSG00000048138	Dmrt2	1
chr17:83215292-83215292	ENSMUSG00000024247	Pkdcc	1
chr3:89215180-89215180	ENSMUSG00000028047	Thbs3	1
chr12:71309884-71309884	ENSMUSG00000044548	Dact1	1
chr3:7613727-7613727	ENSMUSG00000040329	Il7	-1
chr16:97763491-97763491	ENSMUSG00000005251	Ripk4	-1
chr18:13972733-13972733	ENSMUSG00000024420	Zfp521	-1
chr14:111675115-111675115	ENSMUSG00000033214	Slitrk5	1
chr8:92827328-92827328	ENSMUSG00000031740	Mmp2	1
chr5:14514918-14514918	ENSMUSG00000061601	Pclo	1
chr5:105239533-105239533	ENSMUSG00000079362	Gbp6	-1
chr9:58129088-58129088	ENSMUSG00000032327	Stra6	1
chr1:14310235-14310235	ENSMUSG00000025932	Eya1	-1
chr9:54764748-54764748	ENSMUSG00000032291	Crabp1	1
chr13:95525240-95525240	ENSMUSG00000021678	F2rl1	-1
chr2:132945906-132945906	ENSMUSG00000027356	Fermt1	-1
chr7:19359749-19359749	ENSMUSG00000040734	Ppp1r13l	1
chr15:74753046-74753046	ENSMUSG00000022594	Lynx1	-1
chr1:171196268-171196268	ENSMUSG00000038370	Pcp4l1	-1
chr4:4138477-4138477	ENSMUSG00000045573	Penk	-1
chr4:154170730-154170730	ENSMUSG00000057751	Megf6	1
chrX:101849385-101849385	ENSMUSG00000079481	Nhsl2	1
chr5:92328079-92328079	ENSMUSG00000029417	Cxcl9	-1
chr7:127930113-127930113	ENSMUSG00000030800	Prss8	-1
chr17:47436615-47436615	ENSMUSG00000034382	AI661453	1
chr17:28769307-28769307	ENSMUSG00000004864	Mapk13	1
chr7:105787654-105787654	ENSMUSG00000036862	Dchs1	-1
chr7:67759742-67759742	ENSMUSG00000030554	Synm	-1
chr17:43389466-43389466	ENSMUSG00000056492	Gpr116	1
chr1:169655501-169655501	ENSMUSG00000026678	Rgs5	1
chrX:96455359-96455359	ENSMUSG00000031209	Heph	1
chr7:107567446-107567446	ENSMUSG00000051041	Olfml1	1
chr18:20310811-20310811	ENSMUSG00000069441	Dsg1a	1
chr5:105110292-105110292	ENSMUSG00000029298	Gbp9	-1
chr1:193207699-193207699	ENSMUSG00000026639	Lamb3	1
chr11:87662722-87662722	ENSMUSG00000034177	Rnf43	1
chr7:141078218-141078218	ENSMUSG00000054065	Pkp3	1
chr5:77095253-77095253	ENSMUSG00000059325	Hopx	-1
chr9:104337728-104337728	ENSMUSG00000032561	Acpp	-1
chr2:101624718-101624718	ENSMUSG00000032864	Rag2	1
chr17:71781947-71781947	ENSMUSG00000024059	Clip4	1
chr2:164486106-164486106	ENSMUSG00000017734	Dbndd2	1
chr8:60632860-60632860	ENSMUSG00000031647	Mfap3l	1
chr8:94772009-94772009	ENSMUSG00000031778	Cx3cl1	1
chr5:96373955-96373955	ENSMUSG00000034687	Fras1	1
chr10:120476469-120476469	ENSMUSG00000056758	Hmga2	-1
chr12:27342574-27342574	ENSMUSG00000063632	Sox11	-1
chr6:31563981-31563981	ENSMUSG00000025608	Podxl	-1
chr11:7213897-7213897	ENSMUSG00000020427	Igfbp3	-1
chr2:121357714-121357714	ENSMUSG00000000308	Ckmt1	1
chr14:73049114-73049114	ENSMUSG00000033470	Cysltr2	-1
chr5:138754514-138754514	ENSMUSG00000025854	Fam20c	1
chr11:120732114-120732114	ENSMUSG00000025150	Cbr2	-1
chr2:101649501-101649501	ENSMUSG00000061311	Rag1	-1
chr9:112185726-112185726	ENSMUSG00000032503	Arpp21	-1
chr16:26371841-26371841	ENSMUSG00000022512	Cldn1	-1
chr8:80058006-80058006	ENSMUSG00000064325	Hhip	-1
chr13:15463235-15463235	ENSMUSG00000021318	Gli3	1
chr3:73708415-73708415	ENSMUSG00000027792	Bche	-1
chr3:118562129-118562129	ENSMUSG00000033308	Dpyd	1
chr6:21852088-21852088	ENSMUSG00000029669	Tspan12	-1
chr1:12692277-12692277	ENSMUSG00000016918	Sulf1	1
chr11:69964779-69964779	ENSMUSG00000018569	Cldn7	1
chr1:3216344-3216344	ENSMUSG00000051951	Xkr4	-1
chr11:42419757-42419757	ENSMUSG00000007653	Gabrb2	1
chr14:124192902-124192902	ENSMUSG00000025551	Fgf14	-1
chr1:193153111-193153111	ENSMUSG00000026638	Irf6	1
chr11:105944412-105944412	ENSMUSG00000019590	Cyb561	-1
chr7:44665501-44665501	ENSMUSG00000030739	Myh14	-1
chr1:135818598-135818598	ENSMUSG00000041782	Lad1	1
chr14:47189413-47189413	ENSMUSG00000037580	Gch1	-1
chr6:51432670-51432670	ENSMUSG00000029832	Nfe2l3	1
chr2:164940780-164940780	ENSMUSG00000017737	Mmp9	1
chr11:83175186-83175186	ENSMUSG00000000204	Slfn4	1
chr14:31251218-31251218	ENSMUSG00000021902	Phf7	-1
chr2:9878600-9878600	ENSMUSG00000015619	Gata3	-1
chr6:125546774-125546774	ENSMUSG00000001930	Vwf	1
chr17:84511895-84511895	ENSMUSG00000040852	Plekhh2	1
chr9:102354693-102354693	ENSMUSG00000032537	Ephb1	-1
chr11:71749920-71749920	ENSMUSG00000020811	Wscd1	1
chr10:127078907-127078907	ENSMUSG00000025422	Agap2	1
chr1:51987148-51987148	ENSMUSG00000062939	Stat4	1
chrX:112698651-112698651	ENSMUSG00000034607	Pof1b	-1
chr8:88521344-88521344	ENSMUSG00000031661	Nkd1	1
chr11:114066218-114066218	ENSMUSG00000041592	Sdk2	-1
chr7:30552178-30552178	ENSMUSG00000036854	Hspb6	1
chr18:60376029-60376029	ENSMUSG00000054072	Iigp1	1
chr1:174031755-174031755	ENSMUSG00000054203	Ifi205	-1
chr4:112774825-112774825	ENSMUSG00000048766	Skint10	-1
chr2:119325784-119325784	ENSMUSG00000027314	Dll4	1
chr7:44310253-44310253	ENSMUSG00000038738	Shank1	1
chr11:94242707-94242707	ENSMUSG00000044177	Wfikkn2	-1
chr2:174346712-174346712	ENSMUSG00000090625	Gm20721	-1
chr9:66713686-66713686	ENSMUSG00000032373	Car12	1
chr15:80671847-80671847	ENSMUSG00000022408	Fam83f	1
chrX:44790197-44790197	ENSMUSG00000045284	Dcaf12l1	-1
chr5:88887297-88887297	ENSMUSG00000060961	Slc4a4	1
chr7:29125151-29125151	ENSMUSG00000030592	Ryr1	-1
chr13:49608071-49608071	ENSMUSG00000021390	Ogn	1
chr11:71201456-71201456	ENSMUSG00000070390	Nlrp1b	-1
chr8:107403206-107403206	ENSMUSG00000003849	Nqo1	-1
chr1:173982744-173982744	ENSMUSG00000026535	Ifi202b	-1
chr15:44457553-44457553	ENSMUSG00000038725	Pkhd1l1	1
chr8:104961718-104961718	ENSMUSG00000031877	Ces2g	1
chr2:25180758-25180758	ENSMUSG00000078202	Nrarp	1
chr5:33218238-33218238	ENSMUSG00000037379	Spon2	-1
chr13:49582766-49582766	ENSMUSG00000048368	Omd	1
chr2:83812636-83812636	ENSMUSG00000048388	Fam171b	1
chr11:70322628-70322628	ENSMUSG00000018907	Alox12e	-1
chr1:51289126-51289126	ENSMUSG00000045954	Sdpr	1
chr3:90537254-90537254	ENSMUSG00000074457	S100a16	1
chrX:166238911-166238911	ENSMUSG00000031342	Gpm6b	1
chr3:53657355-53657355	ENSMUSG00000037016	Frem2	-1
chr19:10240748-10240748	ENSMUSG00000036098	Myrf	-1
chrX:139563316-139563316	ENSMUSG00000031438	Rnf128	1
chr7:79848210-79848210	ENSMUSG00000039062	Anpep	-1
chr6:135168215-135168215	ENSMUSG00000042770	Hebp1	-1
chr6:41605482-41605482	ENSMUSG00000029869	Ephb6	1
chr2:17731043-17731043	ENSMUSG00000053702	Nebl	-1
chr5:8660077-8660077	ENSMUSG00000040584	Abcb1a	1
chr10:85386827-85386827	ENSMUSG00000020042	Btbd11	1
chr18:12599926-12599926	ENSMUSG00000024424	Ttc39c	1
chr3:67374097-67374097	ENSMUSG00000048416	Mlf1	1
chr5:117414000-117414000	ENSMUSG00000061578	Ksr2	1
chr8:99416427-99416427	ENSMUSG00000036510	Cdh8	-1
chr12:102948859-102948859	ENSMUSG00000021198	Unc79	1
chr18:61045150-61045150	ENSMUSG00000024620	Pdgfrb	1
chr1:163313672-163313672	ENSMUSG00000026586	Prrx1	-1
chr7:15967567-15967567	ENSMUSG00000074364	Ehd2	-1
chr5:137611408-137611408	ENSMUSG00000029718	Pcolce	-1
chr11:75422701-75422701	ENSMUSG00000000753	Serpinf1	-1
chr1:170110561-170110561	ENSMUSG00000026674	Ddr2	-1
chr17:34143307-34143307	ENSMUSG00000037548	H2-DMb2	1
chr17:56005570-56005570	ENSMUSG00000038781	Stap2	-1
chr16:17797282-17797282	ENSMUSG00000012017	Scarf2	1
chr5:44102032-44102032	ENSMUSG00000029086	Prom1	-1
chr12:104865076-104865076	ENSMUSG00000021097	Clmn	-1
chr8:95352268-95352268	ENSMUSG00000031790	Mmp15	1
chr11:105967945-105967945	ENSMUSG00000020681	Ace	1
chr5:103911259-103911259	ENSMUSG00000029312	Klhl8	-1
chr7:81454758-81454758	ENSMUSG00000025586	Cpeb1	-1
chr17:34153072-34153072	ENSMUSG00000079547	H2-DMb1	1
chr1:164275585-164275585	ENSMUSG00000026578	Ccdc181	1
chr12:86726460-86726460	ENSMUSG00000021257	Angel1	-1
chr9:37613720-37613720	ENSMUSG00000001948	Spa17	-1
chr6:89643988-89643988	ENSMUSG00000000811	Txnrd3	1
chr2:127788854-127788854	ENSMUSG00000027378	Nphp1	-1
chr6:91212455-91212455	ENSMUSG00000064080	Fbln2	1
chr14:54913132-54913132	ENSMUSG00000022199	Slc22a17	-1
chr19:24861855-24861855	ENSMUSG00000041731	Pgm5	-1
chr19:24674008-24674008	ENSMUSG00000048572	Tmem252	1
chr1:144249242-144249242	ENSMUSG00000026358	Rgs1	-1
chr11:49064204-49064204	ENSMUSG00000078921	Tgtp2	-1
chr12:104236245-104236245	ENSMUSG00000041481	Serpina3g	1
chr7:142578143-142578143	ENSMUSG00000000031	H19	-1
chr8:23411502-23411502	ENSMUSG00000031548	Sfrp1	1
chr6:41546730-41546730	ENSMUSG00000076498	Trbc2	1
chr6:41538218-41538218	ENSMUSG00000076490	Trbc1	1
chr18:9707648-9707648	ENSMUSG00000036103	Colec12	1
chr3:14641727-14641727	ENSMUSG00000027555	Car13	1
chr17:34972156-34972156	ENSMUSG00000091971	Hspa1a	-1
chr17:34859025-34859025	ENSMUSG00000090231	Cfb	-1
chrX:140956907-140956907	ENSMUSG00000079418	Atg4a	1
chr7:3677510-3677510	ENSMUSG00000019734	Tmc4	-1
chr14:103844173-103844173	ENSMUSG00000022122	Ednrb	-1
chr1:135375237-135375237	ENSMUSG00000041889	Shisa4	-1
chr2:169633013-169633013	ENSMUSG00000047907	Tshz2	1
chr8:45308466-45308466	ENSMUSG00000079057	Cyp4v3	-1
chr16:72663149-72663149	ENSMUSG00000022883	Robo1	1
chr13:43785107-43785107	ENSMUSG00000015396	Cd83	1
chr1:165788681-165788681	ENSMUSG00000005763	Cd247	1
chr18:60212080-60212080	ENSMUSG00000073555	Gm4951	1
chr5:75152291-75152291	ENSMUSG00000029231	Pdgfra	1
chr4:43523438-43523438	ENSMUSG00000028464	Tpm2	-1
chr7:45092221-45092221	ENSMUSG00000019539	Rcn3	-1
chr9:79612970-79612970	ENSMUSG00000032332	Col12a1	-1
chr10:76726168-76726168	ENSMUSG00000001119	Col6a1	-1
chr10:76623630-76623630	ENSMUSG00000020241	Col6a2	-1
chr3:135825279-135825279	ENSMUSG00000053897	Slc39a8	1
chr2:130397574-130397574	ENSMUSG00000027408	Cpxm1	-1
chr2:77170635-77170635	ENSMUSG00000044033	Ccdc141	-1
chr10:13060504-13060504	ENSMUSG00000019817	Plagl1	1
chr10:28668360-28668360	ENSMUSG00000049109	Themis	1
chr2:179442431-179442431	ENSMUSG00000000305	Cdh4	1
chr19:5068078-5068078	ENSMUSG00000056481	Cd248	1
chr16:85803113-85803113	ENSMUSG00000022893	Adamts1	-1
chr5:114923240-114923240	ENSMUSG00000041827	Oasl1	1
chr5:120749853-120749853	ENSMUSG00000032690	Oas2	-1
chr8:104631321-104631321	ENSMUSG00000031880	Rrad	-1
chr13:32965209-32965209	ENSMUSG00000042842	Serpinb6b	1
chr14:101609033-101609033	ENSMUSG00000033083	Tbc1d4	-1
chr7:139248482-139248482	ENSMUSG00000060260	Pwwp2b	1
chr19:34255336-34255336	ENSMUSG00000035783	Acta2	-1
chr11:5861947-5861947	ENSMUSG00000020473	Aebp1	1
chr4:130174802-130174802	ENSMUSG00000028776	Tinagl1	-1
chr4:156215868-156215868	ENSMUSG00000078486	Perm1	1
chrX:9469324-9469324	ENSMUSG00000015340	Cybb	-1
chr3:38886940-38886940	ENSMUSG00000046743	Fat4	1
chr7:44306959-44306959	ENSMUSG00000004473	Clec11a	-1
chr2:128862981-128862981	ENSMUSG00000027386	Fbln7	1
chr11:83530518-83530518	ENSMUSG00000035042	Ccl5	-1
chr3:142560052-142560052	ENSMUSG00000028268	Gbp3	1
chr3:142594847-142594847	ENSMUSG00000040264	Gbp5	1
chr15:97055956-97055956	ENSMUSG00000022464	Slc38a4	-1
chr11:72411711-72411711	ENSMUSG00000045667	Smtnl2	-1
chr4:42773993-42773993	ENSMUSG00000094686	Ccl21a	-1
chr4:41903610-41903610	ENSMUSG00000094065	Gm21541	1
chr17:37193892-37193892	ENSMUSG00000035186	Ubd	1
chr3:59344159-59344159	ENSMUSG00000036334	Igsf10	-1
chr11:68400823-68400823	ENSMUSG00000020902	Ntn1	-1
chr3:114030540-114030540	ENSMUSG00000027966	Col11a1	1
chr6:87335775-87335775	ENSMUSG00000033420	Antxr1	-1
chr8:27085583-27085583	ENSMUSG00000031486	Gpr124	1
chr15:54571366-54571366	ENSMUSG00000024479	Mal2	1
chr1:37625242-37625242	ENSMUSG00000026090	2010300C02Rik	-1
chr3:108536536-108536536	ENSMUSG00000040412	5330417C22Rik	-1
chr5:77408045-77408045	ENSMUSG00000036256	Igfbp7	-1
chr6:17306335-17306335	ENSMUSG00000007655	Cav1	1
chr16:45093402-45093402	ENSMUSG00000022665	Ccdc80	1
chr5:104114088-104114088	ENSMUSG00000029309	Sparcl1	-1
chr13:58806596-58806596	ENSMUSG00000055254	Ntrk2	1
chr15:8710764-8710764	ENSMUSG00000005360	Slc1a3	-1
chr1:172298064-172298064	ENSMUSG00000007097	Atp1a2	-1
chr16:10488178-10488178	ENSMUSG00000022504	Ciita	1
chr1:150993051-150993051	ENSMUSG00000066842	Hmcn1	-1
chr12:73546395-73546395	ENSMUSG00000034435	Tmem30b	-1
chr4:73790602-73790602	ENSMUSG00000043003	Rasef	-1
chr2:93334487-93334487	ENSMUSG00000027217	Tspan18	-1
chr6:53820830-53820830	ENSMUSG00000043496	Tril	-1
chr11:112782224-112782224	ENSMUSG00000000567	Sox9	1
chr3:83766321-83766321	ENSMUSG00000027996	Sfrp2	1
chr3:127896323-127896323	ENSMUSG00000050549	5730508B09Rik	-1
chr4:154928077-154928077	ENSMUSG00000042333	Tnfrsf14	-1
chr18:75820178-75820178	ENSMUSG00000044646	Zbtb7c	1
chr3:154596711-154596711	ENSMUSG00000028199	Cryz	1
chr7:19770547-19770547	ENSMUSG00000002980	Bcam	-1
chr4:59915056-59915056	ENSMUSG00000028386	Slc46a2	-1
chr11:78386558-78386558	ENSMUSG00000002057	Foxn1	-1
chr14:55824795-55824795	ENSMUSG00000023411	Nfatc4	1
chr6:92943492-92943492	ENSMUSG00000030022	Adamts9	-1
chr6:121245906-121245906	ENSMUSG00000030107	Usp18	1
chr4:156200818-156200818	ENSMUSG00000035692	Isg15	-1
chr19:34640871-34640871	ENSMUSG00000034459	Ifit1	1
chr12:26456431-26456431	ENSMUSG00000020641	Rsad2	-1
chr18:52529708-52529708	ENSMUSG00000024529	Lox	-1
chr4:64020725-64020725	ENSMUSG00000028364	Tnc	-1
chr7:30445582-30445582	ENSMUSG00000006651	Aplp1	-1
chr6:22875502-22875502	ENSMUSG00000068748	Ptprz1	1
chr13:54371349-54371349	ENSMUSG00000025867	Cplx2	1
chr9:118606690-118606690	ENSMUSG00000039115	Itga9	1
chr2:34961585-34961585	ENSMUSG00000026875	Traf1	-1
chr9:88731914-88731914	ENSMUSG00000099974	Bcl2a1d	-1
chr9:89199209-89199209	ENSMUSG00000089929	Bcl2a1b	1
chr19:11050566-11050566	ENSMUSG00000075010	AW112010	-1
chr4:129558391-129558391	ENSMUSG00000000409	Lck	-1
chr11:52282571-52282571	ENSMUSG00000000782	Tcf7	-1
chr6:147264167-147264167	ENSMUSG00000048776	Pthlh	-1
chr16:34784921-34784921	ENSMUSG00000022836	Mylk	1
chr10:26988514-26988514	ENSMUSG00000019899	Lama2	-1
chr6:42373268-42373268	ENSMUSG00000029859	Epha1	-1
chr3:88548300-88548300	ENSMUSG00000008601	Rab25	-1
chr10:60106219-60106219	ENSMUSG00000058297	Spock2	1
chr3:55461758-55461758	ENSMUSG00000027797	Dclk1	1
chr2:32353247-32353247	ENSMUSG00000026825	Dnm1	-1
chr9:76567116-76567116	ENSMUSG00000032358	Fam83b	-1
chr4:139092993-139092993	ENSMUSG00000041120	Nbl1	-1
chr12:109452823-109452823	ENSMUSG00000040856	Dlk1	1
chr2:125506385-125506385	ENSMUSG00000027204	Fbn1	-1
chr1:90843952-90843952	ENSMUSG00000048126	Col6a3	-1
chr16:63864158-63864158	ENSMUSG00000052504	Epha3	-1
chr2:11642807-11642807	ENSMUSG00000026770	Il2ra	1
chr7:113388573-113388573	ENSMUSG00000059077	Pth	-1
chr10:75644008-75644008	ENSMUSG00000006342	Susd2	-1
chr13:19824257-19824257	ENSMUSG00000053101	Gpr141	-1
chr10:71159700-71159700	ENSMUSG00000014329	Bicc1	-1
chr12:112146208-112146208	ENSMUSG00000021294	Kif26a	1
chr3:17789921-17789921	ENSMUSG00000100252	Mir124-2hg	1
chr17:23679365-23679365	ENSMUSG00000023906	Cldn6	1
chr15:54920002-54920002	ENSMUSG00000022425	Enpp2	-1
chr18:32939041-32939041	ENSMUSG00000038128	Camk4	1
chr14:93890669-93890669	ENSMUSG00000055421	Pcdh9	-1
chr11:61485431-61485431	ENSMUSG00000042436	Mfap4	1
chr4:141010418-141010418	ENSMUSG00000060572	Mfap2	1
chr1:90203980-90203980	ENSMUSG00000044337	Ackr3	1
chr11:6658521-6658521	ENSMUSG00000041046	Ramp3	1
chr3:123112810-123112810	ENSMUSG00000050315	Synpo2	-1
chr1:75360329-75360329	ENSMUSG00000026208	Des	1
chr7:73375520-73375520	ENSMUSG00000070509	Rgma	1
chr9:95406722-95406722	ENSMUSG00000033350	Chst2	-1
chr10:120899101-120899101	ENSMUSG00000051236	Msrb3	-1
chr14:59365470-59365470	ENSMUSG00000068245	Phf11d	-1
chr12:81026808-81026808	ENSMUSG00000021136	Smoc1	1
chr17:45549677-45549677	ENSMUSG00000096847	Tmem151b	-1
chr7:144001928-144001928	ENSMUSG00000037541	Shank2	1
chr19:41029275-41029275	ENSMUSG00000025014	Dntt	1
chr12:73042815-73042815	ENSMUSG00000051367	Six1	-1
chr14:59625281-59625281	ENSMUSG00000044461	Shisa2	1
chr18:9212856-9212856	ENSMUSG00000036904	Fzd8	1
chr4:111972927-111972927	ENSMUSG00000049214	Skint7	1
chr4:111902918-111902918	ENSMUSG00000028544	Slc5a9	-1
chr14:77036641-77036641	ENSMUSG00000044350	Lacc1	-1
chr12:75308322-75308322	ENSMUSG00000046768	Rhoj	1
chr4:139968026-139968026	ENSMUSG00000078234	Klhdc7a	-1
chr4:41503076-41503076	ENSMUSG00000046312	AI464131	-1
chr4:43875530-43875530	ENSMUSG00000028476	Reck	1
chr15:31367726-31367726	ENSMUSG00000022237	Ankrd33b	-1
chr4:105109890-105109890	ENSMUSG00000028518	Prkaa2	-1
chr6:36811361-36811361	ENSMUSG00000029838	Ptn	-1
chr17:29360914-29360914	ENSMUSG00000024013	Fgd2	1
chr5:105139586-105139586	ENSMUSG00000079363	Gbp4	-1
chr15:102004342-102004342	ENSMUSG00000049382	Krt8	-1
chr15:102028216-102028216	ENSMUSG00000023043	Krt18	1
chr17:87635979-87635979	ENSMUSG00000045394	Epcam	1
chr17:34305877-34305877	ENSMUSG00000060586	H2-Eb1	1
chr8:120736358-120736358	ENSMUSG00000041515	Irf8	1
chr17:34287827-34287827	ENSMUSG00000036594	H2-Aa	-1
chr7:19083849-19083849	ENSMUSG00000030409	Dmpk	1
chr7:128246812-128246812	ENSMUSG00000030782	Tgfb1i1	1
chr18:60624336-60624336	ENSMUSG00000043079	Synpo	-1
chr7:30421732-30421732	ENSMUSG00000036931	Nfkbid	1
chr6:117168535-117168535	ENSMUSG00000061353	Cxcl12	1
chr11:82951349-82951349	ENSMUSG00000054404	Slfn5	1
chr19:34550710-34550710	ENSMUSG00000045932	Ifit2	1
chr19:34583531-34583531	ENSMUSG00000074896	Ifit3	1
chr7:65861734-65861734	ENSMUSG00000030513	Pcsk6	1
chr2:76982455-76982455	ENSMUSG00000051747	Ttn	-1
chr5:114146535-114146535	ENSMUSG00000042010	Acacb	1
chrX:138914431-138914431	ENSMUSG00000052854	Nrk	1
chr4:63214004-63214004	ENSMUSG00000045672	Col27a1	1
chr10:77969854-77969854	ENSMUSG00000009292	Trpm2	-1
chr11:49794178-49794178	ENSMUSG00000020363	Gfpt2	1
chr5:12383166-12383166	ENSMUSG00000040254	Sema3d	1
chr18:47368830-47368830	ENSMUSG00000019647	Sema6a	-1
chr7:89517586-89517586	ENSMUSG00000039405	Prss23	-1
chr12:86079041-86079041	ENSMUSG00000021253	Tgfb3	-1
chr2:71528113-71528113	ENSMUSG00000041911	Dlx1	1
chr7:74013674-74013674	ENSMUSG00000025789	St8sia2	-1
chr10:24595442-24595442	ENSMUSG00000019997	Ctgf	1
chr3:145649985-145649985	ENSMUSG00000028195	Cyr61	-1
chr7:130936111-130936111	ENSMUSG00000006205	Htra1	1
chr5:91517615-91517615	ENSMUSG00000034981	Parm1	1
chr19:29367455-29367455	ENSMUSG00000016496	Cd274	1
chr17:85688274-85688274	ENSMUSG00000024134	Six2	-1
chr9:37552904-37552904	ENSMUSG00000053310	Nrgn	-1
chr9:45138437-45138437	ENSMUSG00000046480	Scn4b	1
chr15:6874969-6874969	ENSMUSG00000022146	Osmr	-1
chr11:12464804-12464804	ENSMUSG00000020173	Cobl	-1
chr7:73740307-73740307	ENSMUSG00000078670	Fam174b	1
chr10:105234949-105234949	ENSMUSG00000036019	Tmtc2	-1
chr2:11705290-11705290	ENSMUSG00000023206	Il15ra	1
